{
    "type": "minecraft:crafting_shaped",
    "pattern": [
        "OP ",
        "IOI",
        "IRB"
    ],
    "key": {
        "P": {
            "item": "minecraft:glass_pane"
        },
        "O": {
            "item": "minecraft:orange_concrete"
        },
        "I": {
            "item": "minecraft:iron_ingot"
        },
		"R": {
			"item": "minecraft:redstone_block"
		},
		"B": {
			"item": "minecraft:black_concrete"
		}
    },
    "result": {
        "item": "minecraft:knowledge_book"
    }
}