{
    "type": "minecraft:crafting_shaped",
    "pattern": [
        "IGI",
        "FBB",
        "FCL"
    ],
    "key": {
        "I": {
            "item": "minecraft:iron_ingot"
        },
		"B": {
			"item": "minecraft:iron_block"
		},
		"L": {
			"item": "minecraft:lever"
		},
		"C": {
			"item": "minecraft:red_concrete"
		},
		"F": {
			"item": "minecraft:fire_charge"
		},
		"G": {
			"item": "minecraft:glass_pane"
		}
    },
    "result": {
        "item": "minecraft:knowledge_book"
    }
}