{
	"pools": [
		{
			"rolls":1,
			"entries": [
				{
					"type": "item",
					"name": "minecraft:clock",
					"functions": [
						{
							"function": "minecraft:set_name",
							"name": [
								{"translate": "ggunz.item.name.bullet_1", "color": "aqua", "italic": false}
							],
							"replace": true
						},
						{
							"function": "set_nbt",
							"tag": "{CustomModelData:170020,HideFlags:1,Enchantments:[{id:\"minecraft:unbreaking\",lvl:0s}], gz_data:{bullet_type:1}}"
						}
					]
				}
			]
		}
	]
}