{
	"pools": [
		{
			"rolls":1,
			"entries": [
				{
					"type": "item",
					"name": "minecraft:carrot_on_a_stick",
					"functions": [
						{
							"function": "minecraft:set_name",
							"name": [
								{"translate":"ggunz.item.name.gun_0","color":"yellow", "italic":false}
							],
							"replace": true
						},
						{
							"function": "minecraft:set_lore",
							"lore": [
								{"translate":"ggunz.item.desc.line1","color":"gray", "italic":false},
								[{"translate":"ggunz.item.desc.line2","color":"blue", "italic":false},{"text":" 3s"}],
								{
									"text":"Uses Bullets"
								}
							],
							"replace": true
						},
						{
							"function": "set_nbt",
							"tag": "{CustomModelData:170001, gz_data:{capacity:6, bullets:0, reload_time:3, id:0},HideFlags:32}"
						}
					]
				}
			]
		}
	]
}