{
    "type": "minecraft:chest",
    "pools": [
        {
            "rolls": 1,
            "entries": [
                {
                    "type": "minecraft:item",
                    "name": "minecraft:stone_axe"
                },
                {
                    "type": "minecraft:item",
                    "weight": 3,
                    "name": "minecraft:wooden_axe"
                }
            ]
        },
        {
            "rolls": 1,
            "entries": [
                {
                    "type": "minecraft:item",
                    "name": "minecraft:stone_pickaxe"
                },
                {
                    "type": "minecraft:item",
                    "weight": 3,
                    "name": "minecraft:wooden_pickaxe"
                }
            ]
        },
        {
            "rolls": 3,
            "entries": [
                {
                    "type": "minecraft:item",
                    "weight": 5,
                    "functions": [
                        {
                            "function": "minecraft:set_count",
                            "count": {
                                "min": 1,
                                "max": 2,
                                "type": "minecraft:uniform"
                            }
                        }
                    ],
                    "name": "minecraft:apple"
                },
                {
                    "type": "minecraft:item",
                    "weight": 3,
                    "functions": [
                        {
                            "function": "minecraft:set_count",
                            "count": {
                                "min": 1,
                                "max": 2,
                                "type": "minecraft:uniform"
                            }
                        }
                    ],
                    "name": "minecraft:bread"
                },
                {
                    "type": "minecraft:item",
                    "weight": 3,
                    "functions": [
                        {
                            "function": "minecraft:set_count",
                            "count": {
                                "min": 1,
                                "max": 2,
                                "type": "minecraft:uniform"
                            }
                        }
                    ],
                    "name": "minecraft:salmon"
                }
            ]
        },
        {
            "rolls": 4,
            "entries": [
                {
                    "type": "minecraft:item",
                    "weight": 10,
                    "functions": [
                        {
                            "function": "minecraft:set_count",
                            "count": {
                                "min": 1,
                                "max": 12,
                                "type": "minecraft:uniform"
                            }
                        }
                    ],
                    "name": "minecraft:stick"
                },
                {
                    "type": "minecraft:item",
                    "weight": 10,
                    "functions": [
                        {
                            "function": "minecraft:set_count",
                            "count": {
                                "min": 1,
                                "max": 12,
                                "type": "minecraft:uniform"
                            }
                        }
                    ],
                    "name": "minecraft:oak_planks"
                },
                {
                    "type": "minecraft:item",
                    "weight": 3,
                    "functions": [
                        {
                            "function": "minecraft:set_count",
                            "count": {
                                "min": 1,
                                "max": 3,
                                "type": "minecraft:uniform"
                            }
                        }
                    ],
                    "name": "minecraft:oak_log"
                },
                {
                    "type": "minecraft:item",
                    "weight": 3,
                    "functions": [
                        {
                            "function": "minecraft:set_count",
                            "count": {
                                "min": 1,
                                "max": 3,
                                "type": "minecraft:uniform"
                            }
                        }
                    ],
                    "name": "minecraft:spruce_log"
                },
                {
                    "type": "minecraft:item",
                    "weight": 3,
                    "functions": [
                        {
                            "function": "minecraft:set_count",
                            "count": {
                                "min": 1,
                                "max": 3,
                                "type": "minecraft:uniform"
                            }
                        }
                    ],
                    "name": "minecraft:birch_log"
                },
                {
                    "type": "minecraft:item",
                    "weight": 3,
                    "functions": [
                        {
                            "function": "minecraft:set_count",
                            "count": {
                                "min": 1,
                                "max": 3,
                                "type": "minecraft:uniform"
                            }
                        }
                    ],
                    "name": "minecraft:jungle_log"
                },
                {
                    "type": "minecraft:item",
                    "weight": 3,
                    "functions": [
                        {
                            "function": "minecraft:set_count",
                            "count": {
                                "min": 1,
                                "max": 3,
                                "type": "minecraft:uniform"
                            }
                        }
                    ],
                    "name": "minecraft:acacia_log"
                },
                {
                    "type": "minecraft:item",
                    "weight": 3,
                    "functions": [
                        {
                            "function": "minecraft:set_count",
                            "count": {
                                "min": 1,
                                "max": 3,
                                "type": "minecraft:uniform"
                            }
                        }
                    ],
                    "name": "minecraft:dark_oak_log"
                }
            ]
        },
        {
            "rolls": 1,
            "entries": [
                {
                    "type": "minecraft:item",
                    "name": "minecraft:stone_pickaxe",
                    "functions": [
                        {
                            "function": "minecraft:set_count",
                            "count": 1
                        },
                        {
                            "function": "minecraft:set_nbt",
                            "tag": "{display:{Name:'{\"text\":\"Miner\\'s Pickaxe\",\"italic\":false}',Lore:['{\"text\":\"Vein Miner\",\"color\":\"dark_green\",\"italic\":false}']},Veinminer:1b}"
                        }
                    ]
                }
            ]
        },
        {
            "rolls": 1,
            "entries": [
                {
                    "type": "minecraft:item",
                    "name": "minecraft:wooden_axe",
                    "functions": [
                        {
                            "function": "minecraft:set_count",
                            "count": 1
                        },
                        {
                            "function": "minecraft:set_nbt",
                            "tag": "{display:{Name:'{\"text\":\"Lumber Axe\",\"italic\":false}',Lore:['{\"text\":\"Lumberjack\",\"color\":\"yellow\",\"italic\":false}']},Lumberjack:1b}"
                        }
                    ]
                }
            ]
        }
    ]
}