{
  "type": "minecraft:generic",
  "pools": [
    {
      "rolls": 1,
      "entries": [
        {
          "type": "minecraft:loot_table",
          "name": "minecraft:gameplay/totems/common",
          "weight": 70,
          "quality": -1
        },
        {
          "type": "minecraft:loot_table",
          "name": "minecraft:gameplay/totems/uncommon",
          "weight": 25,
          "quality": 1
        },
        {
          "type": "minecraft:loot_table",
          "name": "minecraft:gameplay/totems/rare",
          "weight": 5,
          "quality": 2
        }
      ]
    }
  ]
}
