{
  "type": "minecraft:block",
  "pools": [
    {
      "rolls": 1,
      "entries": [
        {
		  "type": "minecraft:alternatives",
          "children": [
		    {
			  "type": "minecraft:item",
              "name": "minecraft:charcoal",
              "conditions": [
                {
                  "condition": "minecraft:match_tool",
                  "predicate": {
                    "nbt": "{du_auto_smelt:1b}"
                  }
                }
              ]
			},
		    {
              "type": "minecraft:item",
              "name": "minecraft:birch_log"
			}
		  ]
        }
      ],
      "conditions": [
        {
          "condition": "minecraft:survives_explosion"
        }
      ]
    }
  ]
}