{
  "type": "minecraft:block",
  "pools": [
    {
      "rolls": 1,
      "entries": [
        {
		  "type": "minecraft:alternatives",
          "children": [
		    {
			  "type": "minecraft:item",
              "name": "minecraft:popped_chorus_fruit",
              "functions": [
				{
				  "function": "minecraft:set_count",
				  "count": {
					"min": 0.0,
					"max": 1.0,
					"type": "minecraft:uniform"
				  }
				}
			  ],
			  "conditions": [
                {
                  "condition": "minecraft:match_tool",
                  "predicate": {
                    "nbt": "{du_auto_smelt:1b}"
                  }
                }
              ]
			},
			{
			  "type": "minecraft:item",
			  "functions": [
				{
				  "function": "minecraft:set_count",
				  "count": {
					"min": 0.0,
					"max": 1.0,
					"type": "minecraft:uniform"
				  }
				},
				{
				  "function": "minecraft:explosion_decay"
				}
			  ],
			  "name": "minecraft:chorus_fruit"
			}
		  ]
        }
      ]
    }
  ]
}